First Name,Last Name,Email,Phone Number,Role,Status
Diamond,Young,shannonfoster@gmail.com,212-790-3783,Program Director,Active
Denise,Craig,johnsonchristine@gmail.com,646-526-1484,Program Director,Active
Jeffrey,Collier,jasoncox@yahoo.com,718-720-8249,Program Director,Active
Raven,Stewart,nicolehoffman@gmail.com,646-544-4338,Program Director,Active
Andrew,Massey,laneshawn@hernandez.com,646-846-4132,Program Director,Active
Tracy,Foster,ygonzales@yahoo.com,917-488-7520,Program Director,Active
Michelle,Cohen,castroamber@turner-freeman.com,212-379-2807,Program Director,Active
Sarah,Parsons,denisevilla@gmail.com,212-265-1854,Program Director,Active
Steven,Murphy,ohorn@hotmail.com,646-842-1546,Program Director,Active
David,Mann,carolynpoole@hotmail.com,332-238-7397,Program Director,Active
Jose,Miller,timothybaker@yahoo.com,212-678-9047,Program Director,Active
Adam,Baker,jessesampson@allen.biz,718-514-3714,Program Director,Active
Kimberly,Vargas,cookpatrick@jackson.com,646-869-9416,Program Director,Active
Carol,Robertson,todd89@rodriguez-brown.biz,718-584-1008,Program Director,Active
David,Lopez,dramos@yahoo.com,718-927-8948,Program Director,Active
Daniel,Anderson,paul08@holt.biz,646-503-4328,Director Building Operation,Active
Sharon,Lopez,ericalopez@cowan-gonzales.com,718-249-9003,Director Building Operation,Active
Sarah,Fox,orodriguez@gmail.com,718-598-9906,Director Building Operation,Active
Mackenzie,Walker,millerjoseph@hotmail.com,917-708-7264,Director Building Operation,Active
Travis,Walsh,njohnson@thomas.com,332-512-7902,Director Building Operation,Active
Alan,Snyder,fbrown@short.com,646-963-6646,Director Building Operation,Active
Glenn,Thomas,brandon51@allen.org,212-356-1298,Director Building Operation,Active
Jeffrey,Hernandez,ojones@jones-jones.com,718-602-2703,Director Building Operation,Active
Johnny,Wise,patriciabutler@yahoo.com,212-920-3769,Director Building Operation,Active
Daniel,Buckley,stephenglenn@reed.org,646-529-8122,Director Building Operation,Active
Maurice,Rodriguez,yreynolds@gmail.com,917-451-2998,Director Building Operation,Active
Chad,Morales,qmckee@yahoo.com,917-526-2171,Director Building Operation,Active
Tracy,Harrison,amanda67@green-ruiz.net,332-853-6471,Director Building Operation,Active
Mariah,Hale,zortiz@byrd.com,332-201-2515,Director Building Operation,Active
Stephanie,Herrera,istewart@parrish.com,646-848-1994,Director Building Operation,Active
Lisa,Ball,richardsstacey@hampton.info,212-580-1848,Driver,Available
Andrea,Robbins,kevinhernandez@gmail.com,212-346-2637,Driver,Inactive
Katherine,Nelson,kevinsosa@yahoo.com,718-534-3023,Driver,Available
Jonathan,Stone,annette02@greene.biz,718-308-6991,Driver,Inactive
Kelly,Mccormick,mgarcia@martinez.com,917-586-5572,Driver,Inactive
Rebecca,Johnson,vfreeman@mcmillan-smith.biz,718-759-8128,Driver,On Ride
Sarah,Freeman,richard31@gmail.com,646-844-3842,Driver,Inactive
Kathleen,Greene,nicole76@hotmail.com,332-825-9900,Driver,Inactive
Megan,Gilbert,lnichols@lopez.com,718-923-5429,Driver,Inactive
Debbie,Kelley,paigesmith@gmail.com,718-594-1386,Driver,On Ride
Erica,Taylor,courtney75@burgess.org,332-966-2340,Driver,On Ride
Stephanie,Riddle,zacharywalters@price-kelley.com,212-577-7858,Driver,On Ride
Tara,Taylor,mindy07@wilson.com,212-759-3110,Driver,Inactive
Michael,Fox,anthonycervantes@ford-garrison.org,212-586-7418,Driver,Inactive
Angela,Moore,salazarmichael@hotmail.com,212-936-4940,Driver,Inactive
Andrew,Clark,marksanders@hotmail.com,646-849-3298,Driver,Inactive
Troy,Silva,wagnertara@hotmail.com,917-481-1176,Driver,Available
Jo,Castillo,amandapearson@daniels.info,718-805-1291,Driver,Inactive
Susan,Cole,earnold@gmail.com,646-288-8263,Driver,On Ride
Kathleen,Johnson,cwall@gmail.com,212-445-4524,Driver,On Ride
Brad,Jenkins,kellyrobinson@lucas.com,718-791-6501,Driver,Available
Melissa,Wiggins,vanessa51@brown-taylor.com,212-552-3270,Driver,Inactive
